<?xml version="1.0" encoding="UTF-8"?>
<project-private xmlns="http://www.netbeans.org/ns/project-private/1">
    <editor-bookmarks xmlns="http://www.netbeans.org/ns/editor-bookmarks/2" lastBookmarkId="0"/>
    <open-files xmlns="http://www.netbeans.org/ns/projectui-open-files/2">
        <group>
            <file>file:/C:/Users/SENA/Documents/NetBeansProjects/petManager2/src/controller/ctlpet.java</file>
            <file>file:/C:/Users/SENA/Documents/NetBeansProjects/petManager2/src/model/DbData.java</file>
            <file>file:/C:/Users/SENA/Documents/NetBeansProjects/petManager2/src/model/modelCat.java</file>
            <file>file:/C:/Users/SENA/Documents/NetBeansProjects/petManager2/src/model/modelDog.java</file>
        </group>
    </open-files>
</project-private>
