<?xml version="1.0"?>
<!DOCTYPE hibernate-mapping PUBLIC "-//Hibernate/Hibernate Mapping DTD 3.0//EN"
"http://www.hibernate.org/dtd/hibernate-mapping-3.0.dtd">
<!-- Generated 23/06/2023, 12:39:54 p. m. by Hibernate Tools 4.3.1 -->
<hibernate-mapping>
    <class name="maping.Dog" table="dog" catalog="pet_manager" optimistic-lock="version">
        <id name="dogCode" type="string">
            <column name="dog_code" length="5" />
            <generator class="foreign">
                <param name="property">pet</param>
            </generator>
        </id>
        <one-to-one name="pet" class="maping.Pet" constrained="true"></one-to-one>
        <property name="dogBreed" type="string">
            <column name="dog_breed" length="20" not-null="true" />
        </property>
        <property name="dogPedigree" type="boolean">
            <column name="dog_pedigree" not-null="true" />
        </property>
    </class>
</hibernate-mapping>
